ProductName,ProductID,Brand,Price,DiscountedPrice,Category,Quantity
Eureka Super Clean Vacuum Cleaner,142,,3599,2999,Appliances,800 W
Eureka Aquasure Cartridge - 4000 Litres,141,,875,825,Water Purifiers & Accessories,1 U
Zebronics TU240C Type C Charging Cable,550,Zebronics,349,99,Zebronics,1 U
Ambrane Type-C Braided Cable (1 Metre),14,Ambrane,299,99,Appliances,1 U
Philips 1400W Gc1906/20 Steam Iron,367,Philips,1995,1599,Appliances,1 U
Duracell Chhota Power AA?Batteries,120,Duracell,95,85,Appliances,4 Unit
Ambrane Polymer Power Bank,13,Ambrane,1799,699,Appliances,1 U
Duracell Chhota Power AAA?Batteries,121,Duracell,95,85,Appliances,4 Unit
Cg Laser Ray Neo 20W Led Batten,74,,600,209,Appliances,1 U
Panasonic Multi Plug Adaptor,364,Panasonic,161,109,Appliances,1 U
Zebronics Aux Cable ASC100,542,Zebronics,169,34,Appliances,1 U
Panasonic Cherry Flexicord Flex Box,363,Panasonic,331,249,Appliances,1 Unit
Syska SDI07 Dry Iron,457,Syska,799,449,Syska,1000 W
Bajaj Dry Iron - DX4,21,Bajaj,1400,869,Appliances,1000 W
Crompton Greaves Rhino Heavy Weight Iron,91,Crompton Greaves,1400,1049,Appliances,1000 W
Bajaj MX35N Steam Iron,35,Bajaj,3800,1899,Appliances,2000 W
Crompton Greaves Dry Iron - PD Plus,89,Crompton Greaves,1030,649,Appliances,1000 W
Usha EI1602 Electric Iron,519,Usha,1290,599,Appliances,1000 W
Usha Aurora Dry Iron,517,Usha,1390,799,Appliances,1 Unit
Crompton Greaves Hill Briz Ceiling Fan 1200 mm,90,Crompton Greaves,2349,1649,Appliances,1 Unit
Crompton Greaves Super Briz Deco Ceiling Fan 1200 mm : Smoked Brown,92,Crompton Greaves,2430,1899,Appliances,Silver White
Crompton Greaves Super Briz Deco Ceiling Fan 1200 mm : Smoked Brown,92,Crompton Greaves,2430,1899,Appliances,Smoked Brown
Havells Reo Tejas Ceiling Fan 1200 mm,202,Havells,2345,1722,Appliances,1 Unit
Usha Swift Ceiling Fan 600 mm,527,Usha,2110,1799,Appliances,1 U
Usha Aerostyle Ceiling Fan 1200 mm,514,Usha,1960,1499,Appliances,1 U
Bajaj Grace DLX Bianco Ceiling Fan 1200 mm,25,Bajaj,3320,1999,Appliances,1 U
Usha Air King Deco Ceiling Fan,515,Usha,2170,1799,Appliances,1 Unit
Bajaj Grace DLX Mat Ceiling Fan 1200 mm,26,Bajaj,2110,1899,Appliances,1 U
Syska Maxair Deco Ceiling Fan Sfd 1000 - 1200 mm,454,Syska,2050,1299,Appliances,1 U
Orpat Air Flora Ceiling Fan 1200 mm,362,Orpat,1760,1399,Appliances,1 Unit
Syska Maxair Silent Operation Ceiling Fan SFP 1100 - 1200 mm,455,Syska,1899,1199,Appliances,1 U
Crompton Greaves Avancer Antidust Bakers Ceiling Fan 1200 mm,88,Crompton Greaves,4180,3599,Appliances,1 Unit
GM Air MT Electric Ceiling Fan - 1200 mm,190,GM,1799,1299,Appliances,1 U
Usha Striker Platinum GBD Ceiling Fan 1200 mm,526,Usha,2995,2499,Appliances,1 U
GM G-Breeze Deco MT Ceiling Fan - 1200 mm,191,GM,2199,1449,Appliances,1 U
Usha Mist Air Duos Pedestal Fan,524,Usha,3685,2699,Appliances,1 U
Havells Aerosupreme Deco Electric Ceiling Fan - 1200 mm,198,Havells,2680,1999,Appliances,1 U
Usha Striker Galaxy Good Bye Dust Ceiling Fan 1200 mm,525,Usha,3840,2999,Appliances,Silver Sage
Crompton IHL-201 Immersion Heater,93,Crompton Greaves,825,549,Appliances,1000 W
Crompton Instant Water Heater,95,Crompton Greaves,5600,3899,Appliances,3 L
Crompton Immersion Heater,94,Crompton,530,479,Appliances,1000 W
Usha IH2410 Immersion Heater,522,Usha,650,479,Appliances,1000 W
Borosil Rio Kettle - 1.5 Litres,53,Borosil,1290,799,Appliances,1.5 L
Crompton Greaves Ameo Mixer Grinder - 750 W,87,Crompton Greaves,4800,3499,Appliances,750 W
Kajafa Multifunctional Juicer - 400 W,241,,1550,1395,Appliances,1 Unit
Bajaj Mixer Grinder Tornado - 3 Jars,34,Bajaj,4050,2399,Appliances,550 W
Wonderchef Nutri-Blend Red With 3 Jars,539,Wonderchef,6100,2999,Appliances,400 W
Bajaj Mixer Grinder - GX4 - 500 W,33,Bajaj,3150,2449,Appliances,500 W
Bajaj GX8 Mixer Grinder - 750 W,27,Bajaj,6275,3599,Appliances,750 W
Morphy Richards Primo Classique Mixer Grinder - 750 W,320,Morphy Richards,6095,3999,Appliances,750 W
Pigeon Induction Cooktop Acer Plus,373,Pigeon,3595,1799,Pigeon,1800 W
Prestige Induction Cooktop PIC 16.0 Plus,407,Prestige,3945,2499,Appliances,1900 W
Prestige Induction Cooktop PIC 20.0,408,Prestige,3345,2149,Appliances,1 Unit
Bajaj Majesty ICX Pearl Induction Cooktop,32,Bajaj,4170,2849,Appliances,1900 W
Bajaj Majesty ICX 3 Induction Cooktop,31,Bajaj,3410,2349,Appliances,1400 W
Usha Induction Cooktop - IC3616 : 1600 W,523,Usha,3890,2399,Appliances,1 Unit
Zebronics Tulip Earphones - Black,551,Zebronics,459,149,Zebronics,1 U
Zebronics Gravity Wireless Bluetooth Neckband Earphone,545,Zebronics,1299,649,Zebronics,1 U
Zebronics Delight Bluetooth Speaker,544,Zebronics,899,499,Zebronics,3 W
Zebronics Aura Bluetooth Headphone,541,Zebronics,999,499,Zebronics,1 U
Zebronics Ms Alex Optical USB Mouse,549,Zebronics,299,149,Computer Accessories,1 U
Zebronics K20 Keyboard,547,Zebronics,399,299,Computer Accessories,1 U
Portronics Kronos Y1 Smart Watch - Grey,386,Portronics,5999,2499,Smartwatches,1 U
Butterfly Hippo Stainless Steel Gas Stove,66,Butterfly,3429,2099,Appliances,2 Burners
Basmati Rice Mogra,38,,375,289,DMart Grocery,5 kg
Basmati Rice Mogra,38,,750,549,DMart Grocery,10 kg
Rice Pulav Basmati,420,,500,398,DMart Grocery,5 kg
Basmati Rice Mini Mogra (Broken),37,,650,440,DMart Grocery,10 kg
Rice Basmati,418,,140,115,DMart Grocery,1 kg
Biryani Rice,41,,700,505,DMart Grocery,5 kg
Rice Tibar Basmati,421,,650,452,DMart Grocery,5 kg
Rice Basmati Wand : 5 kgs,419,,800,526,DMart Grocery,5 kg
Mogra Basmati Rice,319,,72,61,DMart Grocery,1 kg
Wada Kolam Rice,534,,850,615,DMart Grocery,10 kg
Wada Kolam Rice,534,,78,67,DMart Grocery,1 kg
Wada Kolam Rice,534,,500,325,DMart Grocery, 5 kg
Silky Kolam Rice,442,,460,279,DMart Grocery, 5 kg
Silky Kolam Rice,442,,69,60,DMart Grocery,1 kg
HMT Kolam Rice,204,,67,58,DMart Grocery,1 kg
HMT Kolam Rice,204,,410,263,DMart Grocery,5 kg
HMT Kolam Rice,204,,700,495,DMart Grocery,10 kg
Eco Kolam Jirasar Sorted Rice,125,,260,240,DMart Grocery, 5 kg
Eco Kolam Jirasar Sorted Rice,125,,550,425,DMart Grocery,10 kg
Premia Goda Masala,406,Premia,28,19,DMart Grocery,100 gm
Premia Akrod Whole,405,,193,148,DMart Grocery,200 gm
Shree Annapurna Jaggery Powder,437,Annapurna,100,50,DMart Grocery,1 Kg
GB Surti Kolam Sorted Rice,182,,510,315,DMart Grocery,5 kg
Disposable Paper Glass - 150 ml,107,,75,59,Tableware,Pack of 50
Disposable Paper Glass - 150 ml,107,,115,90,Tableware,Pack of 50
Disposable Paper Glass - 150 ml,107,,99,79,Tableware,Pack of 50
Disposable Paper Plates - 10 inches,109,,139,109,Tableware,Pack of 50
Disposable Paper Plates - 10 inches,109,,90,69,Tableware,Pack of 50
Disposable Paper Plates - 10 inches,109,,115,89,Tableware,Pack of 50
Disposable Wooden Spoon - 14 cm,112,,69,59,Tableware,Pack of 30
Disposable Bagasse Paper Plates - 17 cms,105,,75,59,Tableware,Pack of 15
Disposable Bagasse Paper Plates - 17 cms,105,,145,109,Tableware,Pack of 15
Disposable Bagasse Paper Plates - 17 cms,105,,145,109,Tableware,Pack of 15
Disposable Bagasse Paper Plates - 17 cms,105,,140,109,Tableware,Pack of 10
Disposable Aluminium Foil Container With Lid - 450 ml,103,,65,49,Tableware,450 ml
Disposable Aluminium Foil Container With Lid - 450 ml,103,,89,75,Tableware,750 ml
Disposable Paper Dona Bowl - 150 ml,106,,55,45,Tableware,Pack of 50
Disposable Paper Straw - 6 mm,110,,45,35,Tableware,Pack of 50
Disposable Bagasse Bowl - 180 ml,104,,75,59,Tableware,Pack of 25
Disposable Wooden Fork - 14 cm,111,,69,59,Tableware,Pack of 30
Disposable Paper Glass Riple - 250 ml,108,,140,109,Tableware,Pack of 15
Lotus Herbals Sunscreen Cream SPF 30 UVB,287,Lotus,395,245,Beauty & Cosmetics,100 gm
Lotus Herbals Kids Sun Block Cream - Sensitive Skin Formula,282,Lotus,375,285,Beauty & Cosmetics,100 gm
Lotus Herbals Sunscreen Cream SPF 20 UVB,286,Lotus,315,225,Beauty & Cosmetics,100 gm
Lakme Absolute Hydra Pro Gel Day Cream,259,Pond's,699,519,Beauty & Cosmetics,50 gm
Faces Canada Peaches N Cream Tinted Moisturizer,149,Faces Canada,599,399,Beauty & Cosmetics,35 gm
Lotus Herbals Nutranite Night Creme,283,Lotus,455,341,Beauty & Cosmetics,50 gm
Lakme Absolute Hydra Pro Overnight Gel,260,Lakme,749,599,Beauty & Cosmetics,50 gm
Faces Canada Hydro Face Moisturizer,148,Faces Canada,599,335,Beauty & Cosmetics,100 ml
Lakme Absolute Perfect Radiance Facial Foam,261,Pond's,530,344,Beauty & Cosmetics,130 ml
Lakme Youth Infinity Skin Firming Night Cream,263,Lakme,999,643,Beauty & Cosmetics,50 gm
Olay Natural Aura Instant UV Protection Glowing Cream,353,Olay,189,170,Beauty & Cosmetics,40 gm
Olay Total Effects 7-In-One Day Normal SPF 15 Cream,355,Olay,899,825,Beauty & Cosmetics,50 gm
Olay Total Effect 7 In 1 Anti Ageing Night Cream,354,Olay,899,719,Beauty & Cosmetics,50 gm
Mirabelle Papaya Fairness Facial No.1 K-Mask,315,Mirabelle,99,49,Beauty & Cosmetics,25 ml
Mirabelle Berries Fairness Facial No.1 K-Mask,311,Mirabelle,99,49,Beauty & Cosmetics,25 ml
Mirabelle Aloe Vera Fairness Facial No.1 K-Mask,310,Mirabelle,99,49,Beauty & Cosmetics,25 ml
Mirabelle Tea Tree Essential Facial Sheet Mask,317,Mirabelle,129,64,Beauty & Cosmetics,25 ml
Lotus Herbals White Glow 3 In 1 Deep Cleansing Facial Foam,288,Lotus,165,125,Beauty & Cosmetics,50 gm
Mirabelle Charcoal Premium Facial Sheet Mask,312,Mirabelle,149,74,Beauty & Cosmetics,25 ml
Mirabelle Cucumber Fairness Facial No.1 K-Mask,313,Mirabelle,99,49,Beauty & Cosmetics,25 ml
Olay Natural Aura Glowing Radiance SPF 15 Day Cream,352,Olay,399,355,Beauty & Cosmetics,50 gm
Lotus Herbals Safe Sun UV Screen Mattegel,285,Lotus,360,251,Beauty & Cosmetics,50 gm
Lotus Herbals Safe Sun Sunscreen Cream SPF 30 UVB,284,Lotus,265,205,Beauty & Cosmetics,50 gm
Neutrogena Deep Clean Facial Cleanser,330,Neutrogena,475,380,Beauty & Cosmetics,200 ml
Neutrogena Hydro Boost Water Gel,331,Neutrogena,1050,840,Beauty & Cosmetics,50 gm
Neutrogena Hydro Boost Water Gel,331,Neutrogena,450,360,Beauty & Cosmetics,15 gm
Garnier Bright Complete 30x Vitamin C Booster Serum,179,Garnier,249,195,Beauty & Cosmetics,15 ml
Garnier Bright Complete 30x Vitamin C Booster Serum,179,Garnier,449,371,Beauty & Cosmetics,30 ml
L'Oreal Revitalift 1.5% Hyaluronic Acid Serum,278,L'Oreal,499,399,Beauty & Cosmetics,15 ml
Neutrogena Ultra Sheer Dry Touch Sunblock SPF 50+,332,Neutrogena,675,540,Beauty & Cosmetics,88 ml
Garnier Bright Complete Fariness Serum Cream,180,Garnier,89,78,Beauty & Cosmetics,23 gm
L'Oreal Paris Revitalift Crystal Fresh Cream,277,L?Oreal Paris,699,508,Beauty & Cosmetics,50 ml
L'Oreal Paris Revitalift Crystal Fresh Cream,277,L?Oreal Paris,299,239,Beauty & Cosmetics,15 ml
L'Oreal Revitalift Crystal Micro Essence,279,L'Oreal,299,229,Beauty & Cosmetics,22 ml
L'Oreal Revitalift Crystal Micro Essence,279,L'Oreal,799,579,Beauty & Cosmetics,65 ml
Mirabelle Pearl+Charcoal Facial Sheet Mask,316,Mirabelle,159,79,Beauty & Cosmetics,1 U
Mirabelle Gold + Chrcol Facial Mask,314,Mirabelle,159,79,Beauty & Cosmetics,25 ml
Lakme Blush & Glow Kiwi Sheet Mask,262,Lakme,100,50,Beauty & Cosmetics,20 ml
L'Oreal Revitalift Crystal Sheet Mask,280,L'Oreal,150,120,Beauty & Cosmetics,25 gm
Garnier Men Powerwhite XL Charcoal Mask,181,Garnier,150,125,Beauty & Cosmetics,28 gm
L'Oreal Revitalift Hyaluronic Acid Serum Mask,281,L'Oreal,199,159,Beauty & Cosmetics,33 gm
Pond's Nourishing Sheet Mask,380,Pond's,75,45,Beauty & Cosmetics,1 U
Pond's Brightening Sheet Mask,379,Pond's,75,45,Beauty & Cosmetics,1 U
Plum Vitamin C Face Serum With Mandarin,378,Plum,550,440,Beauty & Cosmetics,20 ml
Lakme 9to5 Vitamin C+ Facial Serum,258,Lakme,599,449,Beauty & Cosmetics,30 ml
Plum Green Tea Renewed Clarity Night Gel,377,Plum,575,460,Beauty & Cosmetics,50 ml
I & D Black Cotton Men's T-Shirt,223,I & D,300,199,Clothing & Accessories,Size M
I & D Grey Cotton Men's T-Shirt,224,I & D,300,99,Clothing & Accessories,Size S
Macho Men's Metro Vest White RN - 80 cm (S),290,Macho,284,229,Clothing & Accessories,Size S
Macho Men's Metro Vest White RN - 80 cm (S),290,Macho,284,227,Clothing & Accessories,Size L
Macho Men's Metro Vest White RN - 80 cm (S),290,Macho,324,259,Clothing & Accessories,Size XL
No Fuss Men's Cotton Vest Sleeveless - 95 cm (XL),339,No Fuss,215,149,Clothing & Accessories,Size L
No Fuss Men's Cotton Vest Sleeveless - 95 cm (XL),339,No Fuss,215,129,Clothing & Accessories,Size XL
Dutch Harbor Men's Vest Rib Sleeveless - L (90 cm),124,Dutch Harbor,250,199,Clothing & Accessories,Size S
Dutch Harbor Men's Vest Rib Sleeveless - L (90 cm),124,Dutch Harbor,360,249,Clothing & Accessories,Size M
Dutch Harbor Men's Vest Rib Sleeveless - L (90 cm),124,Dutch Harbor,429,299,Clothing & Accessories,Size L
Macho Multicolour Brief Smart Cut - 95 cm (XL),291,Macho,266,212,Clothing & Accessories,Size S
Macho Multicolour Brief Smart Cut - 95 cm (XL),291,Macho,266,212,Clothing & Accessories,Size M
Macho Multicolour Brief Smart Cut - 95 cm (XL),291,Macho,266,212,Clothing & Accessories,Size L
Macho Multicolour Brief Smart Cut - 95 cm (XL),291,Macho,300,240,Clothing & Accessories,Size XL
Macho Multicolour Brief Smart Cut - 95 cm (XL),291,Macho,300,240,Clothing & Accessories,Size XXL
Macho Multicolour Intro Long Trunk - 95 (XL),292,Macho,196,157,Clothing & Accessories,Size M
Macho Multicolour Intro Long Trunk - 95 (XL),292,Macho,196,156,Clothing & Accessories,Size L
Macho Multicolour Intro Long Trunk - 95 (XL),292,Macho,216,173,Clothing & Accessories,Size XL
Macho Multicolour Intro Long Trunk - 95 (XL),292,Macho,216,172,Clothing & Accessories,Size XXL
Rupa Frontline Expando Men's Brief - 95 cm (XL),424,Rupa,226,181,Clothing & Accessories,Size S
Rupa Frontline Expando Men's Brief - 95 cm (XL),424,Rupa,274,219,Clothing & Accessories,Size M
Rupa Frontline Expando Men's Brief - 95 cm (XL),424,Rupa,274,219,Clothing & Accessories,Size L
Rupa Frontline Expando Men's Brief - 95 cm (XL),424,Rupa,296,236,Clothing & Accessories,Size XL
Macho Printed Mini Men's Trunk - 95 cm (XL),293,Macho,190,152,Clothing & Accessories,Size M
Macho Printed Mini Men's Trunk - 95 cm (XL),293,Macho,190,152,Clothing & Accessories,Size L
Macho Printed Mini Men's Trunk - 95 cm (XL),293,Macho,210,168,Clothing & Accessories,Size XL
Macho Printed Mini Men's Trunk - 95 cm (XL),293,Macho,210,168,Clothing & Accessories,Size XXL
Rupa Frontline DRAW Men's Trunk - 95cm (XL),423,Rupa,202,161,Clothing & Accessories,Size M
Rupa Frontline DRAW Men's Trunk - 95cm (XL),423,Rupa,202,161,Clothing & Accessories,Size L
No Fuss Men's 100% Cotton Boxers - B01 (XL),338,No Fuss,375,325,Clothing & Accessories,Size M
No Fuss Men's 100% Cotton Boxers - B01 (XL),338,No Fuss,375,325,Clothing & Accessories,Size L
No Fuss Men's 100% Cotton Boxers - B01 (XL),338,No Fuss,499,399,Clothing & Accessories,Size XL
No Fuss Men's Shorts Combo D02,342,No Fuss,350,279,Clothing & Accessories,Size M
No Fuss Men's Shorts Combo D02,342,No Fuss,350,279,Clothing & Accessories,Size L
No Fuss Men's Shorts Combo D02,342,No Fuss,350,279,Clothing & Accessories,Size XL
No Fuss Men'S Shorts Combo With Side Pockets - D01,343,No Fuss,350,279,Clothing & Accessories,Size S
No Fuss Men'S Shorts Combo With Side Pockets - D01,343,No Fuss,350,279,Clothing & Accessories,Size M
No Fuss Men'S Shorts Combo With Side Pockets - D01,343,No Fuss,350,279,Clothing & Accessories,Size L
No Fuss Men'S Shorts Combo With Side Pockets - D01,343,No Fuss,429,299,Clothing & Accessories,Size XL
No Fuss Gent's White,337,No Fuss,169,129,Clothing & Accessories,Pack of 6
No Fuss Men's Sneaker Socks,344,No Fuss,169,125,Clothing & Accessories,Pack of 3
Dutch Harbor Gent's Hanky - White,123,Dutch Harbor,249,199,Clothing & Accessories,Pack of 6
No Fuss Men's Sports Ankle Socks,345,No Fuss,225,165,Clothing & Accessories,Pack of 3
Dutch Harbor Gent's Hanky - Multicolour,122,Dutch Harbor,275,225,Clothing & Accessories,Pack of 6
No Fuss Gent's Hanky - Multicolour,334,No Fuss,199,149,Clothing & Accessories,Pack of 6
No Fuss Gent's Hanky - White,335,No Fuss,169,129,Clothing & Accessories,Pack of 6
No Fuss Men's Loafer Socks,340,No Fuss,169,129,Clothing & Accessories,Pack of 3
No Fuss Gent's Hanky - White/Blue,336,No Fuss,169,129,Clothing & Accessories,Pack of 6
No Fuss Men's Loafer Socks - D2,341,No Fuss,169,64,Clothing & Accessories,Pack of 3
FNF Crossline Men's Hanky - Multicolour,176,,180,119,Clothing & Accessories,3 Pcs
Feather Soft Black Ankle Length Legging - 1 Unit,157,Feather Soft,499,299,Clothing & Accessories,Size M
Feather Soft Black Ankle Length Legging - 1 Unit,157,Feather Soft,499,299,Clothing & Accessories,Size L
Feather Soft Black Ankle Length Legging - 1 Unit,157,Feather Soft,499,299,Clothing & Accessories,Size XL
Feather Soft Black Ankle Length Legging - 1 Unit,157,Feather Soft,499,299,Clothing & Accessories,Size XXL
Feather Soft Black Ankle Length Legging - 1 Unit,157,Feather Soft,499,299,Clothing & Accessories,Size XXXL
Feather Soft White Ankle Length Legging - 1 Unit,161,Feather Soft,499,299,Clothing & Accessories,Size M
Feather Soft White Ankle Length Legging - 1 Unit,161,Feather Soft,499,299,Clothing & Accessories,Size L
Feather Soft White Ankle Length Legging - 1 Unit,161,Feather Soft,499,299,Clothing & Accessories,Size XL
Feather Soft White Ankle Length Legging - 1 Unit,161,Feather Soft,499,299,Clothing & Accessories,Size XXL
Feather Soft White Ankle Length Legging - 1 Unit,161,Feather Soft,499,299,Clothing & Accessories,Size XXXL
Feather Soft Navy Blue Ankle Length Legging - 1 Unit,158,Feather Soft,499,149,Clothing & Accessories,Size M
Feather Soft Navy Blue Ankle Length Legging - 1 Unit,158,Feather Soft,499,149,Clothing & Accessories,Size L
Feather Soft Navy Blue Ankle Length Legging - 1 Unit,158,Feather Soft,499,299,Clothing & Accessories,Size XL
Feather Soft Navy Blue Ankle Length Legging - 1 Unit,158,Feather Soft,499,299,Clothing & Accessories,Size XXL
Feather Soft Red Ankle Length Legging - 1 Unit,159,Feather Soft,499,149,Clothing & Accessories,Size M
Feather Soft Red Ankle Length Legging - 1 Unit,159,Feather Soft,499,149,Clothing & Accessories,Size L
Feather Soft Red Ankle Length Legging - 1 Unit,159,Feather Soft,499,299,Clothing & Accessories,Size XL
Feather Soft Red Ankle Length Legging - 1 Unit,159,Feather Soft,499,149,Clothing & Accessories,Size XXL
Feather Soft Skin Color Ankle Length Legging - 1 Unit,160,Feather Soft,499,149,Clothing & Accessories,Size M
Feather Soft Skin Color Ankle Length Legging - 1 Unit,160,Feather Soft,499,149,Clothing & Accessories,Size L
Feather Soft Skin Color Ankle Length Legging - 1 Unit,160,Feather Soft,499,149,Clothing & Accessories,Size XL
Feather Soft Skin Color Ankle Length Legging - 1 Unit,160,Feather Soft,499,149,Clothing & Accessories,Size XXL
Feather Soft Skin Color Ankle Length Legging - 1 Unit,160,Feather Soft,499,149,Clothing & Accessories,Size XXXL
Clio Ladies T-Shirt & Pyjama Nightwear Set (A1),77,Clio,475,399,Clothing & Accessories,Size S
Clio Ladies T-Shirt & Pyjama Nightwear Set (A1),77,Clio,475,399,Clothing & Accessories,Size M
Clio Ladies T-Shirt & Pyjama Nightwear Set (A1),77,Clio,475,399,Clothing & Accessories,Size L
Clio Ladies T-Shirt & Pyjama Nightwear Set (A5),80,Clio,475,399,Clothing & Accessories,Size M
Clio Ladies T-Shirt & Pyjama Nightwear Set (A5),80,Clio,475,399,Clothing & Accessories,Size S
Clio Ladies T-Shirt & Pyjama Nightwear Set (A5),80,Clio,475,399,Clothing & Accessories,Size L
Clio Ladies T-Shirt & Pyjama Nightwear Set (A4),79,Clio,475,399,Clothing & Accessories,Size L
Clio Ladies T-Shirt & Pyjama Nightwear Set (A2),78,Clio,475,399,Clothing & Accessories,Size L
Clio Ladies T-Shirt & Pyjama Nightwear Set (A6),81,Clio,475,399,Clothing & Accessories,Size M
Clio Ladies T-Shirt & Pyjama Nightwear Set (A6),81,Clio,475,399,Clothing & Accessories,Size L
Clio Ladies T-Shirt & Pyjama Nightwear Set (A6),81,Clio,475,399,Clothing & Accessories,Size S
Clio?Ladies T-Shirt & Pyjama Nightwear Set (B2),83,Clio,599,249,Clothing & Accessories,Size S
Clio?Ladies T-Shirt & Pyjama Nightwear Set (B3),84,Clio,599,249,Clothing & Accessories,Size S
Clio?Ladies T-Shirt & Pyjama Nightwear Set (B3),84,Clio,599,249,Clothing & Accessories,Size M
Clio?Ladies T-Shirt & Pyjama Nightwear Set (B1),82,Clio,599,249,Clothing & Accessories,Size S
Clio?Ladies T-Shirt & Pyjama Nightwear Set (B4),85,Clio,599,249,Clothing & Accessories,Size S
In Shape Ladies Inner Elastic Hipster Panties - C,229,In Shape,450,299,Clothing & Accessories,XL (95 cm)
In Shape Ladies Inner Elastic Hipster Panties - C,229,In Shape,450,299,Clothing & Accessories,M (85 cm)
In Shape Ladies Inner Elastic Hipster Panties - C,229,In Shape,500,325,Clothing & Accessories,XXXL (105 cm)
In Shape Ladies Inner Elastic Hipster Panties - B,228,In Shape,500,325,Clothing & Accessories,XXXL (105 cm)
In Shape Ladies Inner Elastic Hipster Panties - B,228,In Shape,450,299,Clothing & Accessories,XL (95 cm)
In Shape Ladies Inner Elastic Hipster Panties - B,228,In Shape,475,299,Clothing & Accessories,XXL (100 cm)
Krish Plastic Round Planter Pot - 112,253,,80,69,Plant Container,1 U
Krish Plastic Round Planter Pot - 110,252,,60,49,Plant Container,1 Unit
Pot Planter Saucer Base Plate - 16.5 cm,403,,17,15,Plant Container,1 Unit
Hanging Hook Pot Planter - Assorted,195,,130,79,Plant Container,1 Unit
Hanging Double Hook Pot Planter - Assorted,194,,120,99,Plant Container,1 Unit
Krish Plastic Round Planter Pot - 108,251,,50,39,Plant Container,1 Unit
Pot Planter Saucer Base Plate - 13 cm,402,,17,15,Plant Container,1 Unit
Pot Planter Saucer Base Plate - 10 cm,401,,12,10,Plant Container,1 Unit
Krish Hook Pot Planter - Purple,245,,130,79,Plant Container,1 U
Krish Hook Pot Planter - Yellow,246,,130,79,Plant Container,1 U
Krish Square Planter - 10 - Red,256,,150,99,Plant Container,1 U
Planter Honeycomb With Black Chain - Purple,375,,80,69,Plant Container,1 U
Krish Planter 110 - Orange,248,,150,89,Plant Container,1 U
Krish Planter 110 - Red,250,,150,89,Plant Container,1 U
Krish Square Planter - 10 - Blue,254,,150,99,Plant Container,1 U
Planter Honeycomb With Black Chain - Blue,374,,80,69,Plant Container,1 U
Krish Hook Pot Planter - Blue,244,,130,79,Plant Container,1 U
Krish Square Planter - 10 - Orange,255,,150,99,Plant Container,1 U
Krish Planter 110 - Purple,249,,150,89,Plant Container,1 U
Krish Planter 110 - Blue,247,,150,89,Plant Container,1 U
Metal Planter Stand - 20 cms - Black,299,,200,99,Plant Container,1 U
Metal Planter Stand - 20 cms - Golden,301,,200,99,Plant Container,1 U
Metal Planter Stand - 20 cms - Copper,300,,200,99,Plant Container,1 U
Zeel MS201 Men's Raincoat - Blue,570,Zeel,499,449,Raincoat,Size XL
Zeel MS201 Men's Raincoat - Blue,570,Zeel,499,449,Raincoat,Size XXL
Zeel MS201 Men's Raincoat - Purple,572,Zeel,499,449,Raincoat,Size XL
Zeel MS201 Men's Raincoat - Purple,572,Zeel,499,449,Raincoat,Size XXL
Zeel MS201 Men's Raincoat - Light Green,571,Zeel,499,449,Raincoat,Size XL
Zeel MS201 Men's Raincoat - Light Green,571,Zeel,499,449,Raincoat,Size XXL
Zeel MS301 Men's Raincoat - Black,573,Zeel,499,449,Raincoat,Size L
Zeel MS301 Men's Raincoat - Black,573,Zeel,499,449,Raincoat,Size XL
Zeel MS301 Men's Raincoat - Black,573,Zeel,499,449,Raincoat,Size XXL
Zeel MS301 Men's Raincoat - Navy Blue,575,Zeel,499,449,Raincoat,Size L
Zeel MS301 Men's Raincoat - Navy Blue,575,Zeel,499,449,Raincoat,Size XL
Zeel MS301 Men's Raincoat - Navy Blue,575,Zeel,499,449,Raincoat,Size XXL
Zeel MS301 Men's Raincoat - Grey,574,Zeel,499,449,Raincoat,Size L
Zeel MS301 Men's Raincoat - Grey,574,Zeel,499,449,Raincoat,Size XL
Zeel MS301 Men's Raincoat - Grey,574,Zeel,499,449,Raincoat,Size XXL
Zeel MR203 Men's Raincoat - Black,568,Zeel,1450,1199,Raincoat,Size XL
Zeel MR203 Men's Raincoat - Black,568,Zeel,1450,1199,Raincoat,Size XXL
Zeel MR203 Men's Raincoat - Navy Blue,569,Zeel,1450,1199,Raincoat,Size XXL
Zeel MR161 Men's Raincoat - Black,563,Zeel,1500,1299,Raincoat,Size XL
Zeel MR161 Men's Raincoat - Black,563,Zeel,1500,1299,Raincoat,Size XXL
Zeel MR161 Men's Raincoat - Navy Blue,564,Zeel,1500,1299,Raincoat,Size XL
Zeel MR161 Men's Raincoat - Navy Blue,564,Zeel,1500,1299,Raincoat,Size XXL
Zeel MR168 Men's Raincoat - Black,565,Zeel,1700,1499,Raincoat,Size XL
Zeel MR184 Men's Raincoat - Black,566,Zeel,1700,1499,Raincoat,Size XL
Zeel MR184 Men's Raincoat - Black,566,Zeel,1700,1499,Raincoat,Size XXL
Zeel MR184 Men's Raincoat - Navy Blue,567,Zeel,1700,1499,Raincoat,Size XL
Zeel MR184 Men's Raincoat - Navy Blue,567,Zeel,1700,1499,Raincoat,Size XXL
Zeel LP306 Women's Raincoat - Pink,562,Zeel,550,479,Raincoat,Size L
Zeel LP306 Women's Raincoat - Pink,562,Zeel,550,479,Raincoat,Size XL
Zeel LP306 Women's Raincoat - Orange,561,Zeel,550,479,Raincoat,Size L
Zeel LP306 Women's Raincoat - Orange,561,Zeel,550,479,Raincoat,Size XL
Zeel MT212 Men's Raincoat - Navy Blue : Size XXL,576,Zeel,1199,1049,Raincoat,Size XL
Zeel MT212 Men's Raincoat - Navy Blue : Size XXL,576,Zeel,1199,1049,Raincoat,
MP Sihore Wheat,321,,350,260,DMart Grocery,5 kg
MP Sihore Wheat,321,,570,370,DMart Grocery,10 kg
Maida,295,,26,22,DMart Grocery,500 gm
Maida,295,,49,39,DMart Grocery,1 kg
Jawar (Sorghum) Solapur,239,,75,60,DMart Grocery,1 kg
Bhagar,39,,93,76,DMart Grocery,500 gm
Idli Rava,226,,26,22,DMart Grocery,500 gm
Idli Rava,226,,51,45,DMart Grocery,1 kg
No Fuss Women's Hanky - White,347,No Fuss,99,79,Clothing & Accessories,Pack of 6
No Fuss Women's Hanky - Multicolour,346,No Fuss,99,79,Clothing & Accessories,Pack of 6
"truke Buds Vibe with 35dB ANC, 4Mic ENC, 13mm Speaker, ...",509,,"1,599",,Earphones,
Mivi DuoPods M30 earbuds with 42 hours of playtime | Ma...,318,,899,,Earphones,
Boult Audio Bassbuds X1 Wired Headset,54,,349,,Earphones,
boAt Bassheads 103 Black Wired Headset,46,,499,,Earphones,
Ubon GP-321 Champ Earphone Wired Headset,512,,172,,Earphones,
boAt BassHeads 100 Wired Headset,45,,399,,Earphones,
"Boult Audio Loop2 with 10mm Drivers, BoomX Rich Bass, I...",57,,349,,Earphones,
"Boult Audio Curve with BoomX Rich Bass, Flexi-band, Mag...",55,,899,,Earphones,
boAt Bassheads 103 Blue Wired Headset,47,,499,,Earphones,
boAt Bassheads 242 Wired Headset,51,,599,,Earphones,
Aroma NB119B Badshah - 40 Hours Playtime Bluetooth Neck...,19,,381,,Earphones,
"Boult Audio Gearpods with 32H Playtime, Fast Charging, ...",56,,999,,Earphones,
"OnePlus Bullets Wireless Z2 with Fast Charge, 30 Hrs Ba...",357,,"1,999",,Earphones,
boAt Rockerz 235/238 Pro with upto 20 Hours Playback an...,52,,999,,Earphones,
Aroma NB119 Titanium - 48 Hours Playtime Bluetooth Neck...,18,,499,,Earphones,
"Boult Audio X60 ANC (30dB), Quad Mic ENC, 30 Hrs Batter...",59,,"1,499",,Earphones,
"boAt Airdopes 161 with ASAP Charge, 10mm Drivers and 17...",44,,"1,099",,Earphones,
realme Techlife Buds T100 with up to 28 Hours Playback ...,416,,"1,499",,Earphones,
boAt Bassheads 104 Wired Headset,49,,449,,Earphones,
"Boult Audio Curve with BoomX Rich Bass, Flexi-band, Mag...",55,,899,,Earphones,
AXL AEP-15B-White Wired Headset,20,,159,,Earphones,
SAMSUNG Hands-Free EHS61ASFWE (GH59-11849C) 3.5 mm jack...,426,,274,,Earphones,
boAt Bassheads 172 Wired Headset,50,,499,,Earphones,
Aroma NB119 Titanium - 48 Hours Playtime Bluetooth Neck...,18,,499,,Earphones,
"Boult Audio Loop2 with 10mm Drivers, BoomX Rich Bass, I...",57,,349,,Earphones,
Mi Basic Wired Headset with Mic,306,,499,,Earphones,
SAMSUNG Original EHS61 Wired Headset,427,,274,,Earphones,
TECHFIRE Fire 145- 30 Hours Playtime with superior soun...,465,,399,,Earphones,
OnePlus Bullets Wireless Z2 Bluetooth Headset,356,,"1,999",,Earphones,
"LONGWINGS EARBUDS SMALL SIZE, SUPER LIGHTWEIGHT earphon...",276,,499,,Earphones,
OPPO Enco Buds 2 with 28 hours Battery life & Deep Nois...,358,,"1,799",,Earphones,
"Boult Audio XCharge with ENC Mic, 28H Playtime, Ultra-F...",60,,899,,Earphones,
"boAt Airdopes 161 with ASAP Charge, 10mm Drivers and 17...",44,,"1,099",,Earphones,
TECHFIRE Fire 500v2 Neckband hi-bass Wireless Bluetooth...,466,,445,,Earphones,
PRONOVA M19 Earbuds/TWS/buds 5.1 Earbuds with 280H Play...,409,,690,,Earphones,
"Boult Audio XPods with Mega 13mm Drivers, 20H Battery, ...",61,,"1,099",,Earphones,
Boult Audio Bassbuds X1 Wired Headset,54,,349,,Earphones,
JBL C150SI with One Button Universal Remote Wired Heads...,240,,749,,Earphones,
boAt Bassheads 103 Wired Headset,48,,499,,Earphones,
"Boult Audio ProBass Fcharge with 40 hrs Playtime, ENC, ...",58,,"1,199",,Earphones,
al-afandi 1000W_Yellow Electric Cooktop Hotplate I Cook...,7,,"1,189",,Induction,
"PletaIn Cooking Heater Induction Cooktop, Electric Indu...",376,,"1,699",,Induction,
al-afandi 1000W_Red Electric Cooktop Hotplate/ Cooking ...,5,,"1,129",,Induction,
al-afandi 1000W_White Electric Cooktop Hotplate/ Cookin...,6,,"1,129",,Induction,
al-afandi 1000W_Black Electric Cooktop Hotplate/ Cookin...,2,,"1,129",,Induction,
al-afandi 1000W_Grey Electric Cooktop Hotplate/ Cooking...,4,,"1,129",,Induction,
al-afandi 1000W_Blue Electric Cooktop Hotplate/ Cooking...,3,,"1,129",,Induction,
USHA IC 3616 Induction Cooktop,521,,"2,499",,Induction,
Airex by Airex AE-203 Radiant Cooktop,1,,"1,749",,Induction,
INNYEXPLORE IE-Coil Induction Induction Cooktop,236,,"1,424",,Induction,
INNYEXPLORE by Inny Explore IE-HP+Coil Induction Cookto...,231,,"1,979",,Induction,
INNYEXPLORE by Inny Explore IE-New Induction-Silver2 In...,235,,"1,480",,Induction,
INNYEXPLORE by Inny Explore IE-HP+Coil1 Induction Cookt...,232,,"1,948",,Induction,
VIDS 2000 Watt Exclusive Coil Electric Stove/Induction ...,531,,"1,899",,Induction,
VIDS 1000 Watt Exclusive Coil Electric Stove/Induction ...,529,,"1,299",,Induction,
VIDS 1250 Watt Exclusive Coil Electric Stove/Induction ...,530,,"1,529",,Induction,
electromate Portable 2000 Watts Electric G Coil Cooking...,131,,"1,299",,Induction,
Faith Shoppe 1800 Watt 4 Ring Circular Tubular Heater C...,150,,371,,Induction,
Faith Shoppe 2200 Watt 5 Ring Circular Tubular Heater C...,151,,409,,Induction,
Faith Shoppe EM-HP 102 Black Induction Hotplate Gcoil E...,152,,"1,199",,Induction,
Sid23Mart EM-HP 102 White Induction Gcoil Electric Heat...,441,,"1,499",,Induction,
Trishays Shop4All EM-HP 102 White Induction Gcoil Elect...,508,,"1,599",,Induction,
Sid23Mart 1000 Watt 3 Ring Circular Tubular Heater Coil...,438,,315,,Induction,
Faith Shoppe Portable 2000 Watts Electric G Coil Cookin...,154,,"1,499",,Induction,
electromate 1800 Watt 4 Ring Circular Tubular Heater Co...,129,,390,,Induction,
Sid23Mart 1800 Watt 4 Ring Circular Tubular Heater Coil...,439,,371,,Induction,
Sid23Mart 2200 Watt 5 Ring Circular Tubular Heater Coil...,440,,409,,Induction,
Geico master 1500 Watts Solid Heavy Body (2 KG) Electri...,183,,"1,804",,Induction,
Faith Shoppe EM-HP 102 White Induction Hotplate Gcoil E...,153,,"1,199",,Induction,
EETRON 1250 Watts Induction Stove | Electric Induction ...,126,,"1,400",,Induction,
EETRON 2000 Watts Induction Electric Stove | Cooking He...,127,,"1,800",,Induction,
Poweronic SC-C102 Induction Cooktop,404,,"1,199",,Induction,
Puff Smart HHPB_100WATT Radiant Cooktop,410,,"1,299",,Induction,
electromate 2000 Watt G Coil Hot Plate Heating Element ...,130,,549,,Induction,
electromate 1250 Watt G Coil Hot Plate Heating Element ...,128,,499,,Induction,
al-afandi 500W_Red Small Size Cooktop Hotplate/ Coil He...,8,,939,,Induction,
INNYEXPLORE by Inny Explore IE-New Induction-Grey Induc...,234,,"1,750",,Induction,
INNYEXPLORE by Inny Explore IE-Ind-Hot Smart Induction ...,233,,"1,799",,Induction,
IGE Induction Electric G Coil Cooking Heater/Single Gas...,227,,"1,599",,Induction,
Faith Shoppe White 1000 Watt+1000 Watts G-Coil Electric...,155,,"1,999",,Induction,
Nova Plus Amaze NI 20 1100 W Dry Iron,349,,494,,Iron_box,
Syska SDI-08 1000 W Dry Iron,458,,539,,Iron_box,
Nova Plus Amaze NI 10 1100 W Dry Iron,348,,429,,Iron_box,
BAJAJ Popular 1000 Watts 1000 W Dry Iron,36,,499,,Iron_box,
Orient Electric by orient Fabri Press DIFP10BP 1000 W D...,361,,549,,Iron_box,
Bajaj DX 2 L/W Dry Iron,23,,549,,Iron_box,
BAJAJ Majesty DX 6 1000 W Dry Iron,30,,649,,Iron_box,
Syska SDI-600 600 W Dry Iron,460,,469,,Iron_box,
USHA ArmorAR1100WB 1100 W Dry Iron,516,,599,,Iron_box,
Syska SDI-07 1000 W Dry Iron,456,,499,,Iron_box,
USHA EI 1602 1000 W Dry Iron,518,,649,,Iron_box,
"Syska SDI-450 Heavy Duty German Non-Stock Coating, Auto...",459,,899,,Iron_box,
BAJAJ Majesty DX 11 1000 W Dry Iron,29,,599,,Iron_box,
BAJAJ Majesty DX 11 1000 W Dry Iron,29,,765,,Iron_box,
PHILIPS GC097 750 W Dry Iron,370,,725,,Iron_box,
"Syska SSI 1400 ORRA with 15 Steaming Holes, 180ml Water...",462,,999,,Iron_box,
Syska by Syska ELARA SDI-200 1000 W Dry Iron,453,,540,,Iron_box,
Syska SDI-850 800 W Dry Iron,461,,499,,Iron_box,
Sansui Neo 1000 W Dry Iron,431,,349,,Iron_box,
Briqre Stylo Electric Dry Iron 1000 W Dry Iron,63,,599,,Iron_box,
PHILIPS GC1903 1440 W Steam Iron,371,,"1,599",,Iron_box,
BAJAJ DX 7 Light Weight 1000 W Dry Iron,24,,842,,Iron_box,
HAVELLS glydo 1000 W Dry Iron,200,,799,,Iron_box,
Warmex Home Appliances OTSI-2200 One Temperature 2200 W...,535,,"2,999",,Iron_box,
BAJAJ DX 2 600 W Dry Iron,22,,549,,Iron_box,
LE - EASE LITE D-55 Iron Non Stick Coated ideal for you...,265,,350,,Iron_box,
BAJAJ Majesty DHX9 1000 W Dry Iron,28,,"1,199",,Iron_box,
HAVELLS TINYO PRO 1250 W Steam Iron,203,,"1,249",,Iron_box,
PHILIPS GC090 750 W Dry Iron,369,,690,,Iron_box,
USHA heavy weight iron heavy weigt 1.75 kg 1000 W Dry I...,520,,"1,158",,Iron_box,
BAJAJ DX 2 600 W Dry Iron,22,,620,,Iron_box,
Briqre Glory Light Weight Dry Iron 1000 W Dry Iron,62,,448,,Iron_box,
PHILIPS GC 181 1000 W Dry Iron,368,,"1,399",,Iron_box,
Chartbusters USA LIGHT WEIGHT NEW DESIGN P-016 750 W Dr...,75,,284,,Iron_box,
HAVELLS Era 1000 W Dry Iron,199,,899,,Iron_box,
Nova Plus NI 150 Heavy Weight 1100 W Dry Iron,350,,839,,Iron_box,
Flipkart SmartBuy 1000 W Dry Iron,163,,449,,Iron_box,
Crompton ACGEI-INSTAGLIDE 1000 W Dry Iron,86,,803,,Iron_box,
HAVELLS HAWK HEAVY WEIGHT 1100 W INSTANT DRY IRON SUPER...,201,,"1,079",,Iron_box,
Hunar Cream Color Plancha 750 W Dry Iron,222,,849,,Iron_box,
Logitech MK240 Wireless Keyboard and Mouse Combo,273,,"1,595",,Keyboard,
HP 330 Mouse & Keyboard Combo Wireless Desktop Keyboard,219,,"1,249",,Keyboard,
KITECH KB-011 Wired USB Multi-device Keyboard,242,,279,,Keyboard,
ZEBRONICS Zeb-K20 Wired USB Desktop Keyboard,555,,398,,Keyboard,
ZEBRONICS K-35 Wired USB Multi-device Keyboard,548,,398,,Keyboard,
Zoook Concord Wired USB Desktop Keyboard,581,,542,,Keyboard,
DELL KB 216 Wired USB Desktop Keyboard,99,,549,,Keyboard,
"Logitech K380 / Easy-Switch for Upto 3 Devices, Slim Bl...",269,,"2,495",,Keyboard,
Portronics Key5 Combo POR-1569 Wireless Laptop Keyboard,383,,899,,Keyboard,
"DELL KM3322W Keyboard & Mouse Combo, Anti-fade & Spill-...",100,,"1,399",,Keyboard,
ZEBRONICS Zeb-K25 Wired USB Desktop Keyboard Wired USB ...,557,,299,,Keyboard,
Portronics POR-373 Key2 & Mouse Combo Wireless Laptop K...,393,,"1,099",,Keyboard,
Logitech MK270r Wireless Combo Keyboard,274,,"1,199",,Keyboard,
Portronics POR-1658 / Key5 / Silent Mouse & Combo Wirel...,392,,899,,Keyboard,
ZEBRONICS Zeb-Judwaa 750 & Mouse Combo Wired USB Deskto...,554,,499,,Keyboard,
Tvs Electronics Gold Prime Keyboard Wired USB Desktop K...,511,,"2,680",,Keyboard,
HP 150 Wired Mouse and Keyboard Wired USB Multi-device ...,213,,849,,Keyboard,
ZEBRONICS ZEB-KM-2100 Wired USB Desktop Keyboard,558,,329,,Keyboard,
KITECH KB-021 Wired USB Multi-device Keyboard,243,,299,,Keyboard,
Portronics KI-Pad Wired USB Laptop Keyboard,385,,499,,Keyboard,
HP 150 Wired Wired USB Desktop Keyboard,215,,649,,Keyboard,
Ant Value FKBRI01 Wired USB Multi-device Keyboard,16,,299,,Keyboard,
ZEBRONICS Zeb Companion 200 Wireless Combo with Silent ...,552,,"1,049",,Keyboard,
Portronics Key2 Combo Wireless Mouse & Multimedia Wirel...,382,,"1,099",,Keyboard,
"Flipkart SmartBuy IG9100, Keyboard & Mouse Combo- Wirel...",166,,899,,Keyboard,
ZEBRONICS Zeb Companion 200 Wireless Combo with Silent ...,552,,999,,Keyboard,
"Portronics Bubble, POR1677 Bluetooth, Wireless Laptop K...",381,,999,,Keyboard,
"Portronics Key5 Combo, POR 1407 Wireless Laptop Keyboar...",384,,899,,Keyboard,
ZEBRONICS JUDWAA 555 Combo Mouse and Wired USB Laptop K...,546,,499,,Keyboard,
QUANTUM QHM 7406 Wired USB Multi-device Keyboard,411,,299,,Keyboard,
"Logitech MK235 Mouse & Keyboard Combo, Full-Sized, 15 F...",272,,"1,495",,Keyboard,
Topmate KM9000SW Ultra Silent Wireless Keyboard and 240...,471,,"2,644",,Keyboard,
Elista ELS WK-711 Wired USB Multi-device Keyboard,132,,379,,Keyboard,
ZEBRONICS Zeb K35 and Zeb Rise Keyboard & Mouse Combo W...,553,,649,,Keyboard,
Flipkart SmartBuy YKM3136 Wired USB Laptop Keyboard and...,172,,592,,Keyboard,
Tvs Electronics Champ Elite Wireless Combo Wireless Des...,510,,"1,149",,Keyboard,
"ZEBRONICS ZEB-K24 slim design, retractable stand, 1.5 m...",556,,349,,Keyboard,
HP CK420U Wired USB Multi-device Keyboard,220,,699,,Keyboard,
Logitech MK240 Wireless Keyboard and Mouse Combo,273,,"1,595",,Keyboard,
Arctic Fox FAFCOMTRAWW00401E Wired USB Desktop Keyboard,17,,699,,Keyboard,
Fendo Polyester 35 LTR Black Orange Rain and Dust Cover...,162,,199,,Laptop_bags,
"Tripole Rain Cover Dust Proof, Waterproof Trekking Bag ...",507,,399,,Laptop_bags,
WENYOU Rain Cover with Zipper pouch for wet cover Water...,537,,190,,Laptop_bags,
ZOXAR Laptop Padded Bag Nylon Sleeve Case Cover Pouch f...,582,,414,,Laptop_bags,
EUME Polyester 35 LTR Black Orange Rain and Dust Cover ...,140,,325,,Laptop_bags,
"MUTMAIN 30L to 40L Waterproof School bag , Laptop Bag C...",325,,289,,Laptop_bags,
"VAMSUM VSRC0002 Waterproof, Dust Proof Laptop Bag Cover...",528,,190,,Laptop_bags,
"F GEAR Repel Rain cover Waterproof, Dust Proof Laptop B...",146,,379,,Laptop_bags,
"VIHAAN RAIN & DUST COVER BLACK Waterproof, Dust Proof S...",532,,190,,Laptop_bags,
Hapzz Laptop Cover 15.6 inch for Lenovo IdeaPad S145 Wa...,196,,899,,Laptop_bags,
"MUTMAIN 65L to 80L Waterproof Trekking, camping, Hiking...",327,,380,,Laptop_bags,
Bulfyss Rubberized 100% Waterproof Dust Proof Rain Cove...,65,,349,,Laptop_bags,
WESTZONE Water proof backpack rain cover laptop bag rai...,538,,190,,Laptop_bags,
RC REXCUIR Rain and Dust Cover with Pouch |100% Waterpr...,413,,269,,Laptop_bags,
Fambal Waterproof/Dustproof Rain Backpack Cover with An...,156,,249,,Laptop_bags,
"MUTMAIN 45L to 60L Waterproof Trekking, camping, Hiking...",326,,289,,Laptop_bags,
NASHER MILES Black Backpack Rain Cover Waterproof Lapto...,329,,299,,Laptop_bags,
"Swanita Swar bag pack of 3 Waterproof, Dust Proof Schoo...",446,,323,,Laptop_bags,
"F GEAR Silver Small Rain Cover Waterproof, Dust Proof S...",147,,299,,Laptop_bags,
MUTMAIN 30L to 40L Rain Cover for Bag (Navy Blue) Water...,323,,249,,Laptop_bags,
"MUTMAIN 45L to 60L Waterproof Trekking, camping, Hiking...",326,,299,,Laptop_bags,
InfiDeals 14 Inch Sleeve/Slip Case Laptop Bag Cover,230,,259,,Laptop_bags,
D25 Protective Reversible 39.62 cm (15.6 Inch) Laptop S...,96,,219,,Laptop_bags,
The Furnishing Tree Laptop Sleeve Case Pouch for 15.6 t...,469,,305,,Laptop_bags,
"MUTMAIN 30L to 40L Waterproof School bag , Laptop Bag C...",325,,299,,Laptop_bags,
The Furnishing Tree Laptop Sleeve Case Pouch for 12 to ...,468,,236,,Laptop_bags,
"Tripole Rain Cover Dust Proof, Waterproof Luggage Bag C...",506,,399,,Laptop_bags,
"MUTMAIN 30L to 40L Waterproof Laptop bag , School Bag C...",324,,249,,Laptop_bags,
SHARABANI Backpack Rain Cover Waterproof Backpack Cove ...,433,,169,,Laptop_bags,
"SSD Quality Water Proof Dust , Snow ,Mud .Rain cover fo...",443,,213,,Laptop_bags,
"ZIPLINE Rain & Dust Cover For Backpack Dust Proof, Wate...",578,,399,,Laptop_bags,
SHARABANI 100% Waterproof Dust Proof Rain Cover for Bac...,432,,199,,Laptop_bags,
"ZIPLINE Rain & Dust Cover For Backpack Dust Proof, Wate...",578,,249,,Laptop_bags,
"Deepsum RCBK01 Dust Proof, Waterproof Laptop Bag Cover,...",98,,190,,Laptop_bags,
Goldstar Rain & Dust Cover For Backpack Waterproof Lapt...,193,,210,,Laptop_bags,
"MUTMAIN 65L to 80L Waterproof Trekking, camping, Hiking...",327,,380,,Laptop_bags,
"DBK Best Quality Water Proof Dust , Snow ,Mud .Rain Cov...",97,,190,,Laptop_bags,
Viviza Backpack-Rain-Dust-Cover Waterproof Laptop Bag C...,533,,249,,Laptop_bags,
Riddhi Imperial Backpack Rain & Dust Bag Cover with Car...,422,,249,,Laptop_bags,
harddo Polyester Rain Cover with Pouch for School Bags ...,197,,565,,Laptop_bags,
D-Link DIR-615 Wireless N 300 Router,113,,799,,Mobile_charger,
D-Link DIR-825 AC1200 Wi-Fi Gigabit 1200 Mbps Wireless ...,115,,"1,699",,Mobile_charger,
D-Link DIR-819 750 Mbps Wireless Router,114,,"2,299",,Mobile_charger,
Mi Router 4A Gigabit Edition 1200 Mbps Router,307,,"1,399",,Mobile_charger,
TP-Link TL-WR845N N 300 mbps Wireless Router,503,,"1,099",,Mobile_charger,
TP-Link Archer C6 MU-MIMO Gigabit 1200 Mbps Wireless Ro...,481,,"2,599",,Mobile_charger,
TP-Link Archer C20 AC WiFi 750 MBPS Wireless Router,477,,"1,599",,Mobile_charger,
TP-Link TL-WR940N Wireless N 450 Mbps Wireless Router,505,,"1,399",,Mobile_charger,
TP-Link Archer C50 AC1200 Wireless Dual Band 1200 Mbps ...,479,,"1,999",,Mobile_charger,
TP-Link TL-WA850RE(IN) 300 Mbps WiFi Range Extender,497,,"1,399",,Mobile_charger,
TP-Link Archer C24 Multi-Mode 750 Mbps Wireless Router,478,,"1,499",,Mobile_charger,
TP-Link TL-WR820N 300 Mbps Wireless Router,498,,899,,Mobile_charger,
TP-Link RE200 750 Mbps WiFi Range Extender,489,,"1,889",,Mobile_charger,
TP-Link TL-WR840N 300 Mbps Wireless Router,499,,"1,149",,Mobile_charger,
TP-Link Archer c60(us) 1350 Mbps Wireless Router,482,,"2,299",,Mobile_charger,
TP-Link Archer C64 AC1200 Gigabit MU-MIMO 1200 Mbps Rou...,483,,"2,399",,Mobile_charger,
TP-LINK TL-WR841N 300Mbps Wireless N Router,501,,"1,049",,Mobile_charger,
TP-Link TL-WR844N N300 Multi-Mode 300 Mbps Wireless Rou...,502,,929,,Mobile_charger,
TP-Link Archer C80 1900 Mbps Wireless MU-MIMO Router,484,,"3,199",,Mobile_charger,
Mercusys MR50G 1900 Mbps Wireless Router,297,,"2,999",,Mobile_charger,
TP-Link Archer A6 V3 1200 Mbps Wireless MU-MIMO Gigabit...,473,,"2,499",,Mobile_charger,
TP-Link Archer A6 1200 Mbps Wireless Router,472,,"2,599",,Mobile_charger,
TP-Link Archer AX10 1500 Mbps Wi-Fi 6 Router,474,,"3,999",,Mobile_charger,
TP-LINK TL-MR3020 Portable 3G/3.75G/4G Wireless N Route...,494,,"1,399",,Mobile_charger,
TP-Link RE305 1200 Mbps WiFi Range Extender,491,,"2,499",,Mobile_charger,
TP-Link TL-WR840N Wi-Fi 300 Mbps Wireless Router,500,,"1,149",,Mobile_charger,
TP-Link Archer AXE75 5400 Mbps Wireless Router,476,,"13,999",,Mobile_charger,
TP-Link archer mr200 (EU) 750 Mbps 4G Router,485,,"5,199",,Mobile_charger,
TP-Link Archer C54 AC1200 1200 Mbps Wireless Router,480,,"1,899",,Mobile_charger,
TP-Link RE205 750 mbps WiFi Range Extender,490,,"2,099",,Mobile_charger,
TP-Link MR600 1200 Mbps 4G Router,488,,"8,999",,Mobile_charger,
TP-LINK TL-MR3420 3G/4G Wireless N Router,495,,"1,699",,Mobile_charger,
TP-Link Deco S7 AC1900 1900 Mbps Mesh Router,487,,"12,999",,Mobile_charger,
TP-LINK TD-W8961N 300Mbps ADSL2 Wireless with ModemRout...,492,,"1,549",,Mobile_charger,
TP-Link TL-MR100 300 Mbps 4G Router,493,,"3,699",,Mobile_charger,
Mercusys MW325R 300 Mbps Enhanced Wireless Wi-Fi Router,298,,"1,099",,Mobile_charger,
TP-Link Deco M5(3-Pack) AC1300 Whole Home 1300 Mbps Mes...,486,,"13,999",,Mobile_charger,
TP-Link Archer AX23 AX1800 Wi-Fi 6 1800 Mbps Wireless R...,475,,"4,699",,Mobile_charger,
D-Link DIR-X6060 6000 Mbps Mesh Router,116,,"21,374",,Mobile_charger,
"TP-Link TL-PoE15OS PoE Injector,IEEE 802.3af Complaint ...",496,,"1,349",,Mobile_charger,
"Portronics Toad 22, POR 1612 Wireless Optical Mouse",397,,279,,Mouse,
Portronics Toad 14 Wireless Optical Mouse,396,,329,,Mouse,
"Logitech B175 / Optical Tracking, 12-Months Battery Lif...",268,,649,,Mouse,
Flipkart SmartBuy Power Wired Optical Mouse,169,,169,,Mouse,
HP 250 Wireless Optical Mouse,218,,577,,Mouse,
DELL MS 116 Wired Optical Mouse,101,,309,,Mouse,
Logitech B100 Wired Optical Mouse,267,,269,,Mouse,
"Portronics Toad 13, POR 1382 Wireless Optical Mouse",395,,329,,Mouse,
ZEBRONICS Comfort Wired Optical Mouse,543,,139,,Mouse,
ZEBRONICS ZEB-RISE Wired Optical Mouse,560,,225,,Mouse,
"Portronics Toad 13, POR 1381 Wireless Optical Mouse",394,,329,,Mouse,
Logitech MX Master 3s Wireless Hybrid Mouse,275,,"9,494",,Mouse,
ZEBRONICS ZEB-RISE Wired Optical Mouse,560,,99,,Mouse,
ZEBRONICS ALEX Wired Optical Mouse,540,,139,,Mouse,
"Portronics Toad 24, POR 1611 Wireless Optical Mouse",398,,343,,Mouse,
HP x500 Wired Optical Mouse,221,,399,,Mouse,
Portronics Toad 27 Silent Buttons Wireless Optical Mous...,400,,333,,Mouse,
Elista ELS WM501 Wired Optical Mouse,133,,149,,Mouse,
"Zoook Blade / Rechargeable, 7 Color RGB, Silent Wireles...",579,,482,,Mouse,
HP 150 Wired Mouse Wired Optical Mouse,214,,327,,Mouse,
"Logitech M171 / Optical Tracking, Ambidextrous Wireless...",270,,557,,Mouse,
ZEBRONICS ALEX Wired Optical Mouse,540,,239,,Mouse,
"Zoook Blade / Rechargeable, 7 Color RGB, Silent Wireles...",579,,444,,Mouse,
HP 200 Wireless Optical Mouse,216,,599,,Mouse,
Portronics Toad 27 Silent Buttons Wireless Optical Mous...,400,,333,,Mouse,
Logitech M171 Wireless Optical Mouse,271,,595,,Mouse,
Logitech M171 Wireless Optical Mouse,271,,595,,Mouse,
HP 240 Wireless Optical Mouse  with Bluetooth,217,,699,,Mouse,
Lenovo KB MICE_BO 300 USB Mouse Wired Optical Mouse,266,,265,,Mouse,
realme Silent Click with DPI Adjustment Wireless Optica...,415,,499,,Mouse,
"Zoook Blade / Rechargeable, 7 Color RGB, Silent Wireles...",579,,489,,Mouse,
Flipkart SmartBuy YH1053 Wireless Optical Mouse,171,,319,,Mouse,
"Logitech M171 / Optical Tracking, Ambidextrous Wireless...",270,,595,,Mouse,
"Logitech M171 / Optical Tracking, Ambidextrous Wireless...",270,,595,,Mouse,
DELL WM118 Wireless Optical Mouse,102,,649,,Mouse,
"Portronics Toad 27 , POR 1738 Wireless Optical Mouse",399,,393,,Mouse,
Zoook Bomber Wired Optical Mouse,580,,449,,Mouse,
ZEBRONICS Zeb-Power Wired Optical Mouse,559,,149,,Mouse,
"Zoook Blade / Rechargeable, 7 Color RGB, Silent Wireles...",579,,499,,Mouse,
"AMKETTE Acura Silent Switch, 3 DPI Settings, Smart Auto...",15,,349,,Mouse,
"Mi 3i 20000 mAh Power Bank (Fast Charging, 18W)",305,,"2,099",,Power_bank,
"Syska 10000 mAh Power Bank (12 W, Fast Charging)",448,,879,,Power_bank,
"Mi 3i 10000 mAh Power Bank (Fast Charging, 18W)",304,,"1,299",,Power_bank,
"Mi 3i 10000 mAh Power Bank (Fast Charging, 18W)",304,,"1,299",,Power_bank,
Syska 10000 mAh Power Bank (Fast Charging),451,,799,,Power_bank,
Genuily 20000 mAh Power Bank (Quick Charge 4.0),185,,499,,Power_bank,
Genuily 20000 mAh Power Bank (Quick Charge 4.0),185,,499,,Power_bank,
"Callmate 30000 mAh Power Bank (15 W, Fast Charging)",71,,"1,590",,Power_bank,
"Mi 10000 mAh Power Bank (22.5 W, Fast Charging)",302,,"1,699",,Power_bank,
"Syska 10000 mAh Power Bank (18 W, Fast Charging)",449,,899,,Power_bank,
nwb 30000 mAh Power Bank,351,,599,,Power_bank,
"REDMI 10000 mAh Power Bank (10 W, Fast Charging)",417,,"1,199",,Power_bank,
"Syska 20000 mAh Power Bank (18 W, Fast Charging)",452,,"1,549",,Power_bank,
Genuily 20000 mAh Power Bank,184,,499,,Power_bank,
"Ambrane 10000 mAh Power Bank (20 W, Quick Charge 3.0, P...",10,,949,,Power_bank,
Syska 10000 mAh Power Bank,447,,"1,599",,Power_bank,
"Ambrane 10000 mAh Power Bank (20 W, Quick Charge 3.0, P...",10,,949,,Power_bank,
"Ambrane 10000 mAh Power Bank (20 W, Quick Charge 3.0, P...",10,,949,,Power_bank,
Iqoniqe 20000 mAh Power Bank (18 W),237,,599,,Power_bank,
"Callmate 80000 mAh Power Bank (15 W, Fast Charging)",72,,"3,599",,Power_bank,
"Ambrane 20000 mAh Power Bank (20 W, Power Delivery 3.0,...",11,,"1,799",,Power_bank,
"Ambrane 20000 mAh Power Bank (20 W, Power Delivery 3.0,...",11,,"1,824",,Power_bank,
"Ambrane 20000 mAh Power Bank (20 W, Power Delivery 3.0,...",11,,"1,899",,Power_bank,
"Callmate 10000 mAh Power Bank (12 W, Fast Charging)",67,,799,,Power_bank,
"ORAIMO 20000 mAh Power Bank (12 w, Fast Charging)",360,,"1,099",,Power_bank,
"ORAIMO 20000 mAh Power Bank (12 w, Fast Charging)",360,,"1,099",,Power_bank,
"ORAIMO 20000 mAh Power Bank (12 w, Fast Charging)",360,,"1,099",,Power_bank,
"ORAIMO 10000 mAh Power Bank (12 W, Fast Charging)",359,,799,,Power_bank,
"Ambrane 10000 mAh Power Bank (12 W, Fast Charging)",9,,899,,Power_bank,
"Mi 30000 mAh Power Bank (18 W, Fast Charging, Power Del...",303,,"3,499",,Power_bank,
"Syska 10000 mAh Power Bank (18 W, Quick Charge 3.0)",450,,899,,Power_bank,
"Callmate 10000 mAh Power Bank (23 W, Power Delivery 3.0...",70,,"1,399",,Power_bank,
Genuily 20000 mAh Power Bank (Quick Charge 4.0),185,,499,,Power_bank,
PBNOSA 40000 mAh Power Bank,365,,599,,Power_bank,
"Ambrane 27000 mAh Power Bank (20 W, Quick Charge 3.0, P...",12,,"2,299",,Power_bank,
"Callmate 10000 mAh Power Bank (15 W, Fast Charging)",68,,899,,Power_bank,
"Ambrane 27000 mAh Power Bank (20 W, Quick Charge 3.0, P...",12,,"2,299",,Power_bank,
"realme 10000 mAh Power Bank (12 W, Fast Charging)",414,,"1,499",,Power_bank,
"realme 10000 mAh Power Bank (12 W, Fast Charging)",414,,"1,499",,Power_bank,
"Callmate 10000 mAh Power Bank (23 W, Fast Charging, Pow...",69,,"1,199",,Power_bank,
D-Link DIR-615 Wireless N 300 Router,113,,799,,Routers,
D-Link DIR-825 AC1200 Wi-Fi Gigabit 1200 Mbps Wireless ...,115,,"1,699",,Routers,
D-Link DIR-819 750 Mbps Wireless Router,114,,"2,299",,Routers,
Mi Router 4A Gigabit Edition 1200 Mbps Router,307,,"1,399",,Routers,
TP-Link Archer C6 MU-MIMO Gigabit 1200 Mbps Wireless Ro...,481,,"2,599",,Routers,
TP-Link Archer C20 AC WiFi 750 MBPS Wireless Router,477,,"1,599",,Routers,
TP-Link Archer C50 AC1200 Wireless Dual Band 1200 Mbps ...,479,,"1,999",,Routers,
Mercusys MR50G 1900 Mbps Wireless Router,297,,"2,999",,Routers,
TP-Link TL-WA850RE(IN) 300 Mbps WiFi Range Extender,497,,"1,399",,Routers,
TP-Link TL-WR820N 300 Mbps Wireless Router,498,,899,,Routers,
TP-Link Archer C24 Multi-Mode 750 Mbps Wireless Router,478,,"1,499",,Routers,
"TP-Link TL-PoE15OS PoE Injector,IEEE 802.3af Complaint ...",496,,"1,349",,Routers,
TP-Link RE200 750 Mbps WiFi Range Extender,489,,"1,889",,Routers,
TP-Link TL-WR840N 300 Mbps Wireless Router,499,,"1,149",,Routers,
TP-Link Archer c60(us) 1350 Mbps Wireless Router,482,,"2,299",,Routers,
TP-Link TL-WR940N Wireless N 450 Mbps Wireless Router,505,,"1,399",,Routers,
TP-LINK TL-WR841N 300Mbps Wireless N Router,501,,"1,049",,Routers,
TP-Link TL-WR844N N300 Multi-Mode 300 Mbps Wireless Rou...,502,,929,,Routers,
TP-Link Archer C80 1900 Mbps Wireless MU-MIMO Router,484,,"3,199",,Routers,
TP-LINK TL-MR3020 Portable 3G/3.75G/4G Wireless N Route...,494,,"1,399",,Routers,
TP-Link Archer A6 V3 1200 Mbps Wireless MU-MIMO Gigabit...,473,,"2,499",,Routers,
TP-Link Archer A6 1200 Mbps Wireless Router,472,,"2,599",,Routers,
TP-Link Archer AX10 1500 Mbps Wi-Fi 6 Router,474,,"3,999",,Routers,
TP-Link Archer C64 AC1200 Gigabit MU-MIMO 1200 Mbps Rou...,483,,"2,399",,Routers,
TP-Link RE305 1200 Mbps WiFi Range Extender,491,,"2,499",,Routers,
TP-Link TL-WR840N Wi-Fi 300 Mbps Wireless Router,500,,"1,149",,Routers,
TP-Link Archer AXE75 5400 Mbps Wireless Router,476,,"13,999",,Routers,
TP-LINK TL-MR3420 3G/4G Wireless N Router,495,,"1,699",,Routers,
TP-Link Archer C54 AC1200 1200 Mbps Wireless Router,480,,"1,899",,Routers,
TP-Link RE205 750 mbps WiFi Range Extender,490,,"2,099",,Routers,
TP-Link MR600 1200 Mbps 4G Router,488,,"8,999",,Routers,
TP-Link archer mr200 (EU) 750 Mbps 4G Router,485,,"5,199",,Routers,
TP-Link Deco S7 AC1900 1900 Mbps Mesh Router,487,,"12,999",,Routers,
TP-LINK TD-W8961N 300Mbps ADSL2 Wireless with ModemRout...,492,,"1,549",,Routers,
TP-Link TL-MR100 300 Mbps 4G Router,493,,"3,699",,Routers,
Mercusys MW325R 300 Mbps Enhanced Wireless Wi-Fi Router,298,,"1,099",,Routers,
TP-Link Deco M5(3-Pack) AC1300 Whole Home 1300 Mbps Mes...,486,,"13,999",,Routers,
TP-Link Archer AX23 AX1800 Wi-Fi 6 1800 Mbps Wireless R...,475,,"4,699",,Routers,
D-Link DIR-X6060 6000 Mbps Mesh Router,116,,"21,374",,Routers,
TP-link TL-WR902AC 750 Mbps Wireless Travel Router,504,,"1,999",,Routers,
iVoltaa PROGEN Flash Light Tripod with Detachable Remot...,238,,499,,Selfie_sticks,
WeCool S1 Portable Bluetooth selfie stick with wireless...,536,,719,,Selfie_sticks,
Hold up Bluetooth Selfie Stick,205,,299,,Selfie_sticks,
NAFA Portable Selfie Stick Tripod with Bluetooth Remote...,328,,299,,Selfie_sticks,
Hold up Wireless Remote selfie stick R1 Bluetooth Selfi...,211,,299,,Selfie_sticks,
"Hold up Selfie Stick Tripod, Extendable Selfie Stick wi...",208,,299,,Selfie_sticks,
"Hold up Selfie Stick Tripod with LED Fill Light, Phone ...",207,,374,,Selfie_sticks,
ghar ki khushiya GHARKIKHUSHIYA CABLE SELFIE STICK Cabl...,188,,299,,Selfie_sticks,
MDB Bluetooth Selfie Stick,296,,295,,Selfie_sticks,
Lasmo Bluetooth Selfie Stick,264,,465,,Selfie_sticks,
Mrs Simin Cable Selfie Stick,322,,239,,Selfie_sticks,
GOCIO video light kit o1 Cable Selfie Stick,192,,949,,Selfie_sticks,
Sharp beak Bluetooth Selfie Stick,434,,395,,Selfie_sticks,
Sharp beak Wireless Remote selfie stick R1 Bluetooth Se...,436,,395,,Selfie_sticks,
blue seed BBD 3-in-1 Multifunctional Extendable Bluetoo...,42,,297,,Selfie_sticks,
Zety selfie stick bluetooth remote 360 Degree Rotated P...,577,,599,,Selfie_sticks,
"Pecan Wireless Bluetooth selfie stick with Remote, Mini...",366,,294,,Selfie_sticks,
Mi Selfie Stick Tripod with Extendable Aluminium Monopo...,308,,"1,499",,Selfie_sticks,
blue seed Bluetooth Selfie Stick,43,,399,,Selfie_sticks,
Sunnybuy R1 Bluetooth Selfie Stick,445,,629,,Selfie_sticks,
Sharp beak Wireless Remote selfie stick R1 Bluetooth Se...,436,,395,,Selfie_sticks,
biRo Bluetooth Selfie Stick,40,,459,,Selfie_sticks,
Gadget Zone Cable Selfie Stick,178,,254,,Selfie_sticks,
PicPok Extendable Aux Wired Selfie Stick Monopod for iP...,372,,249,,Selfie_sticks,
DPCOLLECTIONS UNIVERSAL WIRED HANDHELD MONOPOD FOR PHON...,118,,271,,Selfie_sticks,
samipna Bluetooth Selfie Stick,425,,594,,Selfie_sticks,
DPCOLLECTIONS Cable Selfie Stick,117,,271,,Selfie_sticks,
Hold up HOLD UP Selfie Stick Tripod with Light & Phone ...,206,,344,,Selfie_sticks,
SANNO WORLD New Arrival Compact Extendable and Foldable...,429,,246,,Selfie_sticks,
SANNO WORLD BEST BUY UNIVERSAL WIRED HANDHELD MONOPOD F...,428,,245,,Selfie_sticks,
SANNO WORLD UNIVERSAL WIRED HANDHELD MONOPOD FOR PHONE ...,430,,269,,Selfie_sticks,
FROGGY Cable Selfie Stick,177,,210,,Selfie_sticks,
Sulfur Cable Selfie Stick,444,,235,,Selfie_sticks,
DPCOLLECTIONS Cable Selfie Stick,117,,275,,Selfie_sticks,
KSD Bluetooth Selfie Stick,257,,429,,Selfie_sticks,
"Sharp beak Selfie Stick Tripod with LED Fill Light, Pho...",435,,499,,Selfie_sticks,
Mindfied ??Best R1s-2 Bluetooth Extendable Selfie Stick ...,309,,479,,Selfie_sticks,
Ravbelli R1S 3 in 1 Multifunctional Foldable Extendable...,412,,593,,Selfie_sticks,
icall Wired Mini Selfie Stick with Button Wired Silicon...,225,,299,,Selfie_sticks,
ghar ki khushiya universal wired cable selfie stick uni...,189,,299,,Selfie_sticks,
Cipto MH01 Mobile Holder,76,,239,,Mobile_stand,
GEOCARTER Multi-Purpose Self Adhesive Smartphone holder...,186,,385,,Mobile_stand,
Tanunni Mobile Holder Mobile Holder,463,,164,,Mobile_stand,
Portronics POR-122 MODESK Universal Mobile Holder (Blac...,391,,112,,Mobile_stand,
Tanunni Mobile Holder Red Color Mobile Holder,464,,169,,Mobile_stand,
FLORICAN Height and Angle Adjustable Mobile Holder,174,,262,,Mobile_stand,
ELV Aluminum Adjustable Foldable Stand for All Smartpho...,135,,289,,Mobile_stand,
"HOLDN Ultra Slim foldable Stand, Card Holder, Wallet, F...",212,,349,,Mobile_stand,
M/S DSNS Wall Charger Hook Mobile Phone Holder Universa...,289,,183,,Mobile_stand,
Casewilla Mobile Stand Holder for Table with Adjustable...,73,,235,,Mobile_stand,
Expro CHARGING PAD WITH GLOSSY LOOK AND STRONG BODY Mob...,144,,164,,Mobile_stand,
GEOCARTER Multi-Purpose Wall Mount Smartphone holder. A...,187,,385,,Mobile_stand,
Flipkart SmartBuy NextGen Multi Angle Mobile Stand. Pho...,168,,170,,Mobile_stand,
Flipkart SmartBuy SLICK Multi Angle Mobile Stand. Phone...,170,,170,,Mobile_stand,
ELV Foldable Universal Tablet & Phone Stand Compatible ...,137,,135,,Mobile_stand,
MADPAIR Invisible Mobile Kickstand Mobile Holder,294,,199,,Mobile_stand,
FLORICAN Pack of 4 Multipurpose Hanging Holder for Mobi...,175,,236,,Mobile_stand,
Portronics POR-1196 Modesk Plus Card Holder & Mobile Ho...,390,,171,,Mobile_stand,
Portronics Modesk 4 POR-1271 Mobile Holder,388,,177,,Mobile_stand,
Urban Kings UKS3 Mobile Holder,513,,"2,499",,Mobile_stand,
Portronics POR-1152 Modesk 101 Wall Hanging Mobile Hold...,389,,106,,Mobile_stand,
ELV Portable Aluminium Mobile Stand Holder With Conveni...,138,,159,,Mobile_stand,
Portronics Modesk 100 Foldable Desktop Tablet & Mobile ...,387,,174,,Mobile_stand,
Hold up Tablet Holder 360 Adjustable Phone-Tablet Stand...,209,,"1,699",,Mobile_stand,
Flipkart SmartBuy Aluminium Adjustable And Foldable Doc...,164,,330,,Mobile_stand,
Flipkart SmartBuy MH01 - MultiPurpose Mobile Charging W...,167,,239,,Mobile_stand,
ELV Universal Smart Mobile Holder,139,,139,,Mobile_stand,
Expro EX-02 CHARGING PAD PACK OF 2 FOR ALL MOBILES Mobi...,145,,349,,Mobile_stand,
FLORICAN 360? Rotatable Gooseneck Mobile Holder | Lazy ...,173,,594,,Mobile_stand,
BROLAVIYA Overhead Metal Long Lazy Arm and Bracket for ...,64,,999,,Mobile_stand,
ELV Aluminium Adjustable And Foldable Dock Mobile Holde...,134,,289,,Mobile_stand,
"DUDAO F10XS Tablets & Mobile Holder Foldable Dock, Comp...",119,,709,,Mobile_stand,
Flipkart SmartBuy Foldable Universal Tablet & Phone Sta...,165,,159,,Mobile_stand,
ELV DIRECT Mobile Phone Holder Mobile Holder,136,,159,,Mobile_stand,
"Tizum Foldable Portable Desktop Stand for Phone, Tablet...",470,,175,,Mobile_stand,
Hold up Tablet Stand Holder Adjustable Height Tablet & ...,210,,899,,Mobile_stand,
Expro 04 Double USB Fast Charging Mobile Stand Mobile H...,143,,251,,Mobile_stand,
Techvor Universal Mobile Holder Metal Mobile stand With...,467,,159,,Mobile_stand,
Flipkart SmartBuy Aluminium Adjustable And Foldable Doc...,164,,295,,Mobile_stand,
nimd beautic Acrylic Double Mobile Stand Dual Phone Cha...,333,,330,,Mobile_stand,
